6,67029106-e134-46e9-b6ed-a21952337039.1.jpeg,2
7,61847761-b639-4803-9707-5b9fd4c128d3.2.jpg,2
8,5301bd4a-6129-40cc-bc12-b1dd5808d147.3.jpg,2
9,ecf9260c-a8a5-46d8-821e-3ae7b6cc59c9.4.jpg,2
10,2b6d02fe-31f2-49b0-ae6a-c35b06e6ddb9.5.jpg,2
11,20100a42-7570-4dc1-a6f9-6905b75335cf.1.jpg,3
12,2cddaa61-c11c-4a68-a064-41e8d9a6f9e5.2.jpg,3
13,7fdd7914-e1a1-44e8-ab01-1ea151648e64.3.jpg,3
14,01e395b7-4715-4167-ac0c-024f948b0a28.4.jpg,3
15,7c03d4fb-a282-4459-ab80-b5535d43219d.5.jpg,3
16,26360f2d-45d2-4de3-9821-b1e3497f0036.1.jpeg,4
17,db3c041e-a785-48f5-9942-93c19c19e786.2.jpg,4
18,8c10e25c-393b-4b8c-bfd4-06bf9ee9d696.3.jpg,4
19,5eab9287-d9b7-4e33-82a6-85aac8fc81bd.4.jpg,4
20,d11cee5c-0626-4454-a94c-8ee9c539a819.5.jpg,4
21,94f081e7-c205-4dcf-8add-5bd862b72d32.1.jpg,5
22,ae877798-88fa-4262-8387-487bc7b1a850.2.jpg,5
23,b8efcdbb-3fa9-43b6-8a5f-86209bbab611.3.jpg,5
24,6d382144-aae6-4e7e-973b-4c88f4380a0f.4.jpg,5
25,dc73627a-c3f2-4cca-857e-707fd013200a.5.jpg,5
26,ca32d1fb-8e66-4357-bfa2-d73f9698a3ab.1.jpg,6
27,89368f16-f94b-4cdf-b9be-dbbc958b1854.2.jpg,6
28,2ec99141-8a46-4e11-adff-0e27ef5c8fff.3.jpg,6
29,58f9155d-12c6-41aa-8530-5f4eb6f14cd0.4.jpg,6
30,a670245a-4bda-4f07-bd06-ae20579d71c2.5.jpg,6
31,6c297ab0-46be-43a7-99ae-98ce29f49a23.1 (1).jpg,7
32,e348e6e7-fe28-44cc-9836-50b90beefb56.2.jpg,7
33,80939ffb-d547-4f63-9aa7-2fed29c1190f.3.jpg,7
34,75fb1def-8850-4436-a42d-8bfb36d9849a.4.jpg,7
35,310fc9cf-9e89-45b2-819d-a872bd324db6.5.jpg,7
36,a0f42ed6-d784-48c7-83cd-37da9fb8fc26.1 .jpeg,8
37,40c8a940-0e98-48df-aa3c-14e4aee1863b.2.jpg,8
38,fa243383-9631-4087-a875-d47e87a6ca87.3.jpg,8
39,8e818492-dd9f-4f89-a341-96d334341faa.4.jpg,8
40,8021e418-a756-4d6a-91e0-d178b3d761c6.5.jpg,8
41,8114b7fd-025a-473c-9a35-7b6fccba0045.1.jpg,9
42,e32b43b4-7131-4130-ba22-585db25dc52a.2.jpeg,9
43,559ac77e-ea6c-4ca3-9471-459a0019d6c4.3.jpg,9
44,9bf193c4-7745-470f-a44d-7ba68b109323.4.jpeg,9
45,c7cf1288-a52b-4e6c-a680-0ebdbcfb3de0.5.jpg,9
46,e09bfe81-3374-4716-9cbb-79fd850ff194.1.jpg,10
47,a9f65f22-4a8f-4d9e-8f5a-32f926b855d6.2.jpg,10
48,07c986c3-a414-40eb-a543-4019ed33b996.3.jpg,10
49,f1060c0a-b85b-447d-8fdb-64f059a9f90b.4.jpg,10
50,17c26c06-1369-44ca-95ea-0e7e456fc456.5.jpg,10
